num_of_antecedent_events,avg_of_case_remaining_time,y_case_remaining_time
0,893074.6129696969,1072732.48
1,893074.2617575764,1072732.146
2,1422326.2889344261,1072679.12
3,1385864.467095238,1033250.589
3,1759333.5449512198,1032893.718
4,2020808.8138679247,1032747.783
5,1759100.6792439027,1032747.783
6,2020802.8962452828,1032745.829
7,2020802.8545283014,1032745.646
8,1385864.467095238,1032743.109
9,1725338.3866436782,1030915.736
9,1725338.3866436782,1030828.102
10,1725338.3866436782,411039.306
10,1725338.3866436782,410736.14
11,1725338.3866436782,255914.531
11,938863.0248275863,255873.358
12,1725338.3866436782,255871.235
13,539168.8967457627,1930.101
13,493689.8443888889,7.8
14,493689.8447222223,7.8
15,493689.84500000003,7.8
16,493689.8442777778,7.8
17,539168.8967457627,0.0
0,893074.6129696969,799716.377
1,893074.2617575764,799712.438
2,1422326.2889344261,799657.985
3,1385864.467095238,787202.24
3,1385864.467095238,786861.455
4,1385864.467095238,776976.858
4,1759333.5449512198,776620.019
5,1759100.6792439027,776508.617
6,2020808.8138679247,776508.617
7,2020802.8962452828,776507.145
8,2020802.8545283014,776507.05
9,1385864.467095238,776505.842
10,1725338.3866436782,776481.19
10,1725338.3866436782,776468.839
11,1725338.3866436782,595371.376
11,2020808.8138679247,595276.902
12,1457490.0654166667,595276.902
13,2020802.8962452828,595275.02
14,2020802.8545283014,595274.988
15,1725338.3866436782,595273.438
16,1725338.3866436782,595259.841
16,1725338.3866436782,595218.07
17,1725338.3866436782,14629.806
17,938863.0248275863,14570.858
18,1725338.3866436782,14569.119
19,539168.8967457627,11098.021
19,539168.8967457627,9999.74
20,539168.8967457627,352.509
20,539168.8967457627,201.239
21,539168.8967457627,161.791
21,493689.84500000003,8.327
22,493689.8447222223,8.326
23,493689.8443888889,8.326
24,493689.8442777778,8.326
25,539168.8967457627,0.0
0,893074.6129696969,11855936.012
1,893074.2617575764,11855935.708
2,1422326.2889344261,11855893.273
3,1385864.467095238,11843880.998
3,1385864.467095238,11843606.662
4,1385864.467095238,11672243.854
4,1385864.467095238,11671683.882
5,1385864.467095238,11664499.673
5,1385864.467095238,11663802.986
6,1385864.467095238,11663793.481
6,1759333.5449512198,11663700.878
7,1759100.6792439027,11663351.667
8,2020808.8138679247,11663351.667
9,2020802.8962452828,11663350.694
10,2020802.8545283014,11663350.648
11,1385864.467095238,11663349.237
12,1725338.3866436782,11663323.83
12,2020808.8138679247,11663108.68
13,1457490.0654166667,11663108.68
14,2020802.8962452828,11663106.628
15,2020802.8545283014,11663106.58
16,1725338.3866436782,11663105.038
17,1725338.3866436782,11047346.446
17,1725338.3866436782,11047327.496
18,1725338.3866436782,11037572.144
18,1725338.3866436782,11037290.272
19,1725338.3866436782,10696421.674
19,1725338.3866436782,10696364.054
20,1725338.3866436782,10432077.904
20,2020808.8138679247,10431932.712
21,1457490.0654166667,10431932.712
22,2020802.8962452828,10431931.08
23,2020802.8545283014,10431930.912
24,1725338.3866436782,10431928.525
25,1725338.3866436782,9772998.108
25,1725338.3866436782,9772718.113
26,1725338.3866436782,9657629.163
26,1725338.3866436782,9657544.295
27,1725338.3866436782,9420618.087
27,1725338.3866436782,9420476.73
28,1725338.3866436782,9149686.171
28,1725338.3866436782,9149631.279
29,1725338.3866436782,9141175.15
29,1725338.3866436782,9140903.943
30,1725338.3866436782,9083862.048
30,938863.0248275863,9083650.096
31,1725338.3866436782,9083647.616
32,539168.8967457627,8888704.345
32,493689.84500000003,8886273.688
33,493689.8447222223,8886273.687
34,493689.8443888889,8886273.687
35,493689.8442777778,8886273.687
36,539168.8967457627,8886264.767
0,893074.6129696969,37.554
1,893074.2617575764,37.385
2,3.955120689655173,0.0
0,893074.6129696969,41.143
1,893074.2617575764,40.935
2,3.955120689655173,0.0
0,893074.6129696969,11806.751
1,893074.2617575764,11806.576
2,1422326.2889344261,11754.346
3,1385864.467095238,5065.809
3,1385864.467095238,4908.416
4,1385864.467095238,1305.599
4,1.553904761904762,1.489
5,1385864.467095238,0.0
0,893074.6129696969,18865.263
1,893074.2617575764,18865.174
2,464769.29334285716,17058.654
2,1422326.2889344261,16993.581
3,464769.29334285716,16992.694
4,1385864.467095238,11434.354
4,1385864.467095238,11388.054
5,1385864.467095238,11381.086
5,1385864.467095238,11166.768
6,1385864.467095238,576.365
6,3.955120689655173,3.98
7,1385864.467095238,0.0
0,893074.6129696969,2679445.393
1,893074.2617575764,2679445.205
2,1422326.2889344261,2679401.349
3,1385864.467095238,2677706.184
3,1385864.467095238,2677680.534
4,1385864.467095238,2673268.246
4,1385864.467095238,2673125.764
5,1385864.467095238,1873963.649
5,1385864.467095238,1873915.097
6,1385864.467095238,0.056
7,1.553904761904762,0.0
0,893074.6129696969,189865.051
1,893074.2617575764,189864.906
2,464769.29334285716,189258.884
2,1422326.2889344261,189150.847
3,464769.29334285716,189149.825
4,1385864.467095238,179021.74
4,1385864.467095238,178760.368
5,1385864.467095238,12410.549
5,1385864.467095238,12326.479
6,1385864.467095238,200.622
6,1.553904761904762,1.764
7,1385864.467095238,0.0
0,893074.6129696969,1040777.581
1,893074.2617575764,1040777.293
2,1422326.2889344261,1040745.378
3,1385864.467095238,1034487.895
3,1385864.467095238,1034361.74
4,1385864.467095238,1032396.381
4,1759333.5449512198,1032055.295
5,2020808.8138679247,1031707.526
6,1759100.6792439027,1031707.526
7,2020802.8962452828,1031706.302
8,2020802.8545283014,1031706.276
9,1385864.467095238,1031703.927
10,1725338.3866436782,412209.261
10,1725338.3866436782,412030.71
11,1725338.3866436782,252693.356
11,938863.0248275863,252684.681
12,1725338.3866436782,252683.297
13,539168.8967457627,279.485
13,3.955120689655173,3.462
14,4.410111111111111,3.462
15,539168.8967457627,0.0
0,893074.6129696969,2241622.427
1,893074.2617575764,2241622.133
2,1422326.2889344261,2241580.823
3,1385864.467095238,2241553.336
3,1759333.5449512198,2241339.813
4,1759100.6792439027,2241201.065
5,2020808.8138679247,2241201.065
6,2020802.8962452828,2241199.083
7,2020802.8545283014,2241199.056
8,1385864.467095238,2241197.836
9,1725338.3866436782,2241187.749
9,1725338.3866436782,2241182.816
10,1725338.3866436782,2241154.504
10,2020808.8138679247,2241068.875
11,1457490.0654166667,2241068.875
12,2020802.8962452828,2241067.58
13,2020802.8545283014,2241067.557
14,1725338.3866436782,2241065.159
15,1725338.3866436782,2241047.579
15,1725338.3866436782,2240861.257
16,1725338.3866436782,2240852.315
16,1725338.3866436782,2240847.086
17,1725338.3866436782,1615725.47
17,1725338.3866436782,1615583.818
18,1725338.3866436782,1463020.041
18,938863.0248275863,1462976.806
19,1725338.3866436782,1462974.338
20,539168.8967457627,1199316.747
20,539168.8967457627,1197709.261
21,988618.7524525548,1196163.988
21,988618.7524525548,1195939.5
22,988618.7524525548,1193148.486
22,988618.7524525548,1193085.476
23,988618.7524525548,1182381.718
23,988618.7524525548,1181159.881
24,988618.7524525548,1181145.643
24,988618.7524525548,1181027.864
25,988618.7524525548,1181025.847
25,988618.7524525548,1181015.678
26,988618.7524525548,1015497.591
26,988618.7524525548,1015230.302
27,988618.7524525548,1009316.155
27,988618.7524525548,1009307.166
28,988618.7524525548,848769.284
28,988618.7524525548,848709.879
29,988618.7524525548,845380.803
29,988618.7524525548,845364.909
30,988618.7524525548,752593.512
30,988618.7524525548,750697.544
31,988618.7524525548,748465.322
31,988618.7524525548,747086.988
32,539168.8967457627,693475.347
32,539168.8967457627,692680.418
33,988618.7524525548,692001.197
33,988618.7524525548,691260.095
34,988618.7524525548,691255.562
34,988618.7524525548,690822.695
35,988618.7524525548,604061.686
35,988618.7524525548,604048.827
36,988618.7524525548,237544.862
36,988618.7524525548,237186.258
37,988618.7524525548,90373.778
37,988618.7524525548,90323.375
38,539168.8967457627,951.315
38,493689.84500000003,8.463
39,493689.8447222223,8.463
40,493689.8443888889,8.462
41,493689.8442777778,8.462
42,539168.8967457627,0.0
0,893074.6129696969,796855.639
1,893074.2617575764,796854.99
2,1422326.2889344261,796812.825
3,1385864.467095238,796761.311
3,1759333.5449512198,796193.6
4,2020808.8138679247,796062.313
5,1759100.6792439027,796062.313
6,2020802.8962452828,796060.892
7,2020802.8545283014,796060.86
8,1385864.467095238,796059.583
9,1725338.3866436782,796029.074
9,1725338.3866436782,795937.46
10,1725338.3866436782,795717.719
10,1725338.3866436782,795335.547
11,1725338.3866436782,524659.359
11,1725338.3866436782,524450.285
12,1725338.3866436782,369568.57
12,938863.0248275863,369523.808
13,1725338.3866436782,369522.144
14,539168.8967457627,24943.524
14,539168.8967457627,22940.447
15,988618.7524525548,22263.461
15,988618.7524525548,22104.991
16,988618.7524525548,17275.553
16,988618.7524525548,17156.941
17,988618.7524525548,7962.467
17,988618.7524525548,7575.687
18,988618.7524525548,384.596
18,4.410111111111111,4.387
19,3.955120689655173,4.387
20,988618.7524525548,0.0
0,893074.6129696969,186966.2
1,893074.2617575764,186965.929
2,464769.29334285716,186226.24
2,464769.29334285716,185752.905
3,464769.29334285716,185303.803
3,1422326.2889344261,185246.444
4,464769.29334285716,185244.978
5,1385864.467095238,181448.407
5,1385864.467095238,181271.742
6,1385864.467095238,179188.053
6,1385864.467095238,179178.701
7,1385864.467095238,174948.643
7,1385864.467095238,174782.798
8,1385864.467095238,15401.659
8,1385864.467095238,15278.376
9,1385864.467095238,639.215
9,3.955120689655173,3.036
10,1385864.467095238,0.0
0,893074.6129696969,43.699
1,893074.2617575764,43.559
2,3.955120689655173,0.0
0,893074.6129696969,1715532.568
1,893074.2617575764,1715532.304
2,1422326.2889344261,1715482.246
3,1385864.467095238,1710932.253
3,1385864.467095238,1710769.521
4,1385864.467095238,1706002.981
4,1385864.467095238,1705989.071
5,1385864.467095238,1705980.348
5,1385864.467095238,1705022.123
6,1385864.467095238,1705002.396
6,1759333.5449512198,1704735.139
7,2020808.8138679247,1704493.257
8,1759100.6792439027,1704493.256
9,2020802.8962452828,1704491.525
10,2020802.8545283014,1704491.499
11,1385864.467095238,1704489.23
12,1725338.3866436782,1704321.359
12,1725338.3866436782,1703981.747
13,1725338.3866436782,1097482.423
13,1725338.3866436782,1097280.932
14,1725338.3866436782,908465.462
14,1725338.3866436782,908334.721
15,1725338.3866436782,858122.609
15,1725338.3866436782,858077.179
16,1725338.3866436782,825257.967
16,1725338.3866436782,825193.821
17,1725338.3866436782,754313.792
17,1725338.3866436782,754260.832
18,1725338.3866436782,657214.258
18,1725338.3866436782,657157.517
19,1725338.3866436782,600480.322
19,938863.0248275863,600433.316
20,1725338.3866436782,600431.425
21,539168.8967457627,160982.736
21,539168.8967457627,157696.33
22,988618.7524525548,157466.769
22,988618.7524525548,156924.238
23,988618.7524525548,156827.502
23,988618.7524525548,156697.046
24,988618.7524525548,137596.115
24,988618.7524525548,136593.8
25,988618.7524525548,89891.243
25,988618.7524525548,89865.431
26,539168.8967457627,84638.471
26,539168.8967457627,82765.156
27,988618.7524525548,82200.1
27,988618.7524525548,81632.92
28,988618.7524525548,80696.248
28,988618.7524525548,80594.865
29,539168.8967457627,76366.121
29,539168.8967457627,76054.501
30,988618.7524525548,74924.26
30,988618.7524525548,74148.463
31,988618.7524525548,69416.304
31,988618.7524525548,69358.971
32,988618.7524525548,60195.718
32,988618.7524525548,60159.432
33,539168.8967457627,58390.095
33,539168.8967457627,10396.119
34,539168.8967457627,413.149
34,539168.8967457627,190.657
35,539168.8967457627,86.204
35,493689.84500000003,7.261
36,493689.8442777778,7.26
37,493689.8443888889,7.26
38,493689.8447222223,7.26
39,539168.8967457627,0.0
0,893074.6129696969,8122.309
1,893074.2617575764,8122.216
2,464769.29334285716,44.46
2,3.955120689655173,3.309
3,464769.29334285716,0.0
0,893074.6129696969,1465178.997
1,893074.2617575764,1465178.758
2,1422326.2889344261,1465133.553
3,1385864.467095238,1456540.834
3,1385864.467095238,1455688.188
4,1385864.467095238,1455141.679
4,1385864.467095238,1454752.781
5,1385864.467095238,1454737.189
5,1759333.5449512198,1454481.835
6,1759100.6792439027,1454171.498
7,2020808.8138679247,1454171.498
8,2020802.8962452828,1454170.111
9,2020802.8545283014,1454170.071
10,1385864.467095238,1454168.901
11,1725338.3866436782,1206296.577
11,2020808.8138679247,1206137.776
12,1457490.0654166667,1206137.776
13,2020802.8962452828,1206136.546
14,2020802.8545283014,1206136.506
15,1725338.3866436782,1206134.997
16,1725338.3866436782,685668.553
16,938863.0248275863,685659.176
17,1725338.3866436782,685657.576
18,539168.8967457627,437441.349
18,539168.8967457627,436348.556
19,988618.7524525548,435783.642
19,988618.7524525548,435480.546
20,988618.7524525548,435452.444
20,988618.7524525548,435304.445
21,988618.7524525548,435284.731
21,988618.7524525548,435196.756
22,988618.7524525548,434045.366
22,2020808.8138679247,433485.209
23,1457490.0654166667,433485.209
24,2020802.8962452828,433484.158
25,2020802.8545283014,433484.124
26,988618.7524525548,433482.054
27,988618.7524525548,431221.004
27,988618.7524525548,431107.287
28,988618.7524525548,6084.727
28,938863.0248275863,6061.397
29,988618.7524525548,6059.153
30,539168.8967457627,668.167
30,493689.84500000003,9.053
31,493689.8447222223,9.053
32,493689.8443888889,9.052
33,493689.8442777778,9.052
34,539168.8967457627,0.0
0,893074.6129696969,1134596.991
1,893074.2617575764,1134596.789
2,1422326.2889344261,1134553.533
3,1385864.467095238,1126605.345
3,1385864.467095238,1126527.745
4,1385864.467095238,1125791.593
4,1385864.467095238,1125654.592
5,1385864.467095238,1125478.065
5,1759333.5449512198,1124924.016
6,2020808.8138679247,1124776.039
7,1759100.6792439027,1124776.039
8,2020802.8962452828,1124774.883
9,2020802.8545283014,1124774.853
10,1385864.467095238,1124772.648
11,1725338.3866436782,1124559.811
11,1725338.3866436782,1124553.717
12,1725338.3866436782,521744.51
12,1725338.3866436782,521407.458
13,1725338.3866436782,281062.685
13,938863.0248275863,281023.113
14,1725338.3866436782,281021.61
15,539168.8967457627,98768.118
15,539168.8967457627,97829.505
16,539168.8967457627,93161.589
16,539168.8967457627,91116.289
17,988618.7524525548,73691.775
17,988618.7524525548,73268.032
18,988618.7524525548,22658.699
18,988618.7524525548,22574.106
19,988618.7524525548,11032.13
19,988618.7524525548,10977.252
20,988618.7524525548,10021.751
20,988618.7524525548,9950.54
21,988618.7524525548,8321.012
21,988618.7524525548,8257.465
22,988618.7524525548,2070.36
22,988618.7524525548,2016.907
23,539168.8967457627,107.38
23,493689.84500000003,8.124
24,493689.8443888889,8.124
25,493689.8447222223,8.124
26,493689.8442777778,8.124
27,539168.8967457627,0.0
0,893074.6129696969,1130876.516
1,893074.2617575764,1130876.347
2,464769.29334285716,1126629.349
2,1422326.2889344261,1126547.843
3,464769.29334285716,1126546.885
4,1385864.467095238,1123720.276
4,1385864.467095238,1123328.121
5,1385864.467095238,960999.361
5,1385864.467095238,960951.332
6,1385864.467095238,950334.775
6,1385864.467095238,950218.44
7,1385864.467095238,879672.005
7,1385864.467095238,879413.245
8,1385864.467095238,872802.146
8,1385864.467095238,872747.932
9,1385864.467095238,858357.537
9,1385864.467095238,858299.276
10,1385864.467095238,800431.5
10,1385864.467095238,800393.193
11,1385864.467095238,786270.867
11,1385864.467095238,786211.415
12,1385864.467095238,769104.603
12,1385864.467095238,769080.004
13,1385864.467095238,766840.268
13,1385864.467095238,766730.958
14,1385864.467095238,712377.54
14,1385864.467095238,712324.985
15,1385864.467095238,673136.628
15,1385864.467095238,673076.469
16,1385864.467095238,595117.705
16,1385864.467095238,595030.773
17,1385864.467095238,536545.709
17,1385864.467095238,536441.45
18,1385864.467095238,534294.905
18,1385864.467095238,534107.114
19,1385864.467095238,414.306
19,3.955120689655173,4.657
20,1385864.467095238,0.0
0,893074.6129696969,599863.578
1,893074.2617575764,599863.388
2,464769.29334285716,595572.97
2,1422326.2889344261,595473.656
3,464769.29334285716,595472.49
4,1385864.467095238,593772.801
4,1759333.5449512198,593425.917
5,2020808.8138679247,593238.017
6,1759100.6792439027,593238.016
7,2020802.8962452828,593235.035
8,2020802.8545283014,593235.013
9,1385864.467095238,593232.831
10,1725338.3866436782,484.894
10,1457490.0654166667,2.083
11,1.553904761904762,2.083
12,1725338.3866436782,0.0
0,893074.6129696969,182107.961
1,893074.2617575764,182107.742
2,464769.29334285716,177773.624
2,1422326.2889344261,177607.266
3,464769.29334285716,177606.146
4,1385864.467095238,175648.278
4,1385864.467095238,175635.941
5,1385864.467095238,175631.612
5,1385864.467095238,175625.921
6,1385864.467095238,175457.435
6,1385864.467095238,175434.922
7,1385864.467095238,175348.1
7,1385864.467095238,174888.134
8,1385864.467095238,173800.603
8,1759333.5449512198,173462.073
9,1759100.6792439027,173259.218
10,2020808.8138679247,173259.218
11,2020802.8962452828,173211.417
12,2020802.8545283014,173211.38
13,1385864.467095238,173210.107
14,1725338.3866436782,173198.486
14,1725338.3866436782,173103.536
15,1725338.3866436782,172980.047
15,1457490.0654166667,172927.643
16,2020808.8138679247,172927.643
17,2020802.8962452828,172926.655
18,2020802.8545283014,172926.63
19,1725338.3866436782,172925.251
20,1725338.3866436782,172902.446
20,1725338.3866436782,172558.52
21,1725338.3866436782,534.218
21,3.955120689655173,4.714
22,4.410111111111111,4.714
23,1725338.3866436782,0.0
0,893074.6129696969,851098.268
1,893074.2617575764,851098.012
2,1422326.2889344261,851056.583
3,1385864.467095238,846703.129
3,1385864.467095238,846334.277
4,1385864.467095238,842436.324
4,1759333.5449512198,842189.173
5,1759100.6792439027,841778.519
6,2020808.8138679247,841778.519
7,2020802.8962452828,841776.741
8,2020802.8545283014,841776.706
9,1385864.467095238,841774.336
10,1725338.3866436782,338368.12
10,938863.0248275863,338359.391
11,1725338.3866436782,338357.362
12,539168.8967457627,647.073
12,493689.84500000003,6.727
13,493689.8443888889,6.726
14,493689.8442777778,6.726
15,493689.8447222223,6.726
16,539168.8967457627,0.0
0,893074.6129696969,1121912.096
1,893074.2617575764,1121910.775
2,1422326.2889344261,1121870.599
3,1385864.467095238,1119273.239
3,1385864.467095238,1118640.047
4,1385864.467095238,1117881.22
4,1385864.467095238,1117717.605
5,1385864.467095238,955936.363
5,1385864.467095238,955881.963
6,1385864.467095238,882153.581
6,1385864.467095238,882016.858
7,1385864.467095238,868148.342
7,1385864.467095238,867917.437
8,1385864.467095238,851553.105
8,1385864.467095238,851473.335
9,1385864.467095238,794240.703
9,1385864.467095238,794183.368
10,1385864.467095238,779844.316
10,1385864.467095238,779787.624
11,1385864.467095238,762778.146
11,1385864.467095238,762570.257
12,1385864.467095238,707479.083
12,1385864.467095238,707370.158
13,1385864.467095238,623433.522
13,1385864.467095238,623422.325
14,1385864.467095238,589666.995
14,1385864.467095238,589604.383
15,1385864.467095238,530492.332
15,1385864.467095238,530179.369
16,1385864.467095238,2340.731
16,1385864.467095238,2219.676
17,1385864.467095238,2189.76
17,1385864.467095238,2142.072
18,1385864.467095238,153.595
18,1385864.467095238,130.861
19,584.8812499999999,117.979
19,584.8812499999999,101.991
20,584.8812499999999,68.806
20,3.955120689655173,2.689
21,584.8812499999999,0.0
0,893074.6129696969,37.588
1,893074.2617575764,37.386
2,3.955120689655173,0.0
0,893074.6129696969,1124753.739
1,893074.2617575764,1124753.408
2,1422326.2889344261,1124714.108
3,1385864.467095238,1122705.363
3,1759333.5449512198,1122276.496
4,1759100.6792439027,1121967.78
5,2020808.8138679247,1121967.78
6,2020802.8962452828,1121966.853
7,2020802.8545283014,1121966.826
8,1385864.467095238,1121965.623
9,1725338.3866436782,529696.999
9,1725338.3866436782,529572.528
10,1725338.3866436782,330564.499
10,1725338.3866436782,330541.465
11,1725338.3866436782,276143.194
11,938863.0248275863,275973.356
12,1725338.3866436782,275972.029
13,539168.8967457627,1439.359
13,493689.8447222223,7.809
14,493689.8442777778,7.809
15,493689.8443888889,7.809
16,493689.84500000003,7.809
17,539168.8967457627,0.0
0,893074.6129696969,1761.029
1,893074.2617575764,1760.404
2,464769.29334285716,122.916
2,3.955120689655173,3.161
3,464769.29334285716,0.0
0,893074.6129696969,448809.9
1,893074.2617575764,448809.801
2,1422326.2889344261,448767.184
3,1385864.467095238,448262.682
3,1385864.467095238,446775.778
4,1385864.467095238,446714.805
4,1385864.467095238,446628.492
5,1385864.467095238,284747.841
5,1385864.467095238,284627.169
6,1385864.467095238,213607.648
6,1385864.467095238,213451.949
7,1385864.467095238,201019.259
7,1385864.467095238,200463.195
8,1385864.467095238,185963.238
8,1385864.467095238,185678.579
9,1385864.467095238,127945.824
9,1385864.467095238,127892.079
10,1385864.467095238,122969.637
10,1385864.467095238,122959.606
11,1385864.467095238,111060.555
11,1385864.467095238,110789.193
12,1385864.467095238,93895.69
12,1385864.467095238,93673.597
13,1385864.467095238,39248.031
13,1385864.467095238,39229.791
14,1385864.467095238,127.917
14,1.553904761904762,1.579
15,1385864.467095238,0.0
0,893074.6129696969,36.499
1,893074.2617575764,36.366
2,3.955120689655173,0.0
0,893074.6129696969,35.277
1,893074.2617575764,35.177
2,3.955120689655173,0.0
0,893074.6129696969,149944.443
1,893074.2617575764,149944.333
2,1422326.2889344261,149912.63
3,1385864.467095238,5468.402
3,1385864.467095238,4679.422
4,1385864.467095238,256.137
4,3.955120689655173,3.508
5,1385864.467095238,0.0
0,893074.6129696969,141326.464
1,893074.2617575764,141326.291
2,464769.29334285716,341.658
2,3.955120689655173,4.029
3,464769.29334285716,0.0
0,893074.6129696969,141277.848
1,893074.2617575764,141277.734
2,1422326.2889344261,141238.271
3,1385864.467095238,621.291
3,3.955120689655173,24.992
4,1385864.467095238,0.0
0,893074.6129696969,3869079.954
1,893074.2617575764,3869079.82
2,1422326.2889344261,3869034.323
3,1385864.467095238,3731628.205
3,1385864.467095238,3731450.317
4,1385864.467095238,3712513.024
4,1385864.467095238,3712426.033
5,1385864.467095238,3642601.369
5,1385864.467095238,3642546.711
6,1385864.467095238,3629492.265
6,1385864.467095238,3629321.752
7,1385864.467095238,3616567.669
7,1385864.467095238,3616532.606
8,1385864.467095238,3616517.671
8,1385864.467095238,3616512.155
9,1385864.467095238,3616253.347
9,1385864.467095238,3616246.942
10,1385864.467095238,3615667.54
10,1759333.5449512198,3615310.343
11,2020808.8138679247,3615189.677
12,1759100.6792439027,3615189.677
13,2020802.8962452828,3615188.482
14,2020802.8545283014,3615188.44
15,1385864.467095238,3615187.015
16,1725338.3866436782,2999561.023
16,1725338.3866436782,2999257.022
17,1725338.3866436782,2927040.076
17,1725338.3866436782,2926983.205
18,1725338.3866436782,2833278.552
18,1725338.3866436782,2833231.487
19,1725338.3866436782,2514104.897
19,938863.0248275863,2514082.363
20,1725338.3866436782,2514080.791
21,539168.8967457627,2335808.92
21,539168.8967457627,2334331.208
22,988618.7524525548,2330058.855
22,988618.7524525548,2329763.715
23,988618.7524525548,2313461.87
23,988618.7524525548,2311972.927
24,988618.7524525548,2262106.996
24,988618.7524525548,2262042.072
25,988618.7524525548,2141673.844
25,988618.7524525548,2141575.378
26,988618.7524525548,1912708.88
26,988618.7524525548,1912493.529
27,988618.7524525548,1640453.563
27,988618.7524525548,1640443.511
28,988618.7524525548,1576830.311
28,988618.7524525548,1576792.068
29,539168.8967457627,1570352.396
29,539168.8967457627,1569628.555
30,988618.7524525548,1562176.372
30,988618.7524525548,1562164.794
31,988618.7524525548,1560326.302
31,988618.7524525548,1559711.721
32,539168.8967457627,1307701.871
32,539168.8967457627,1307508.618
33,539168.8967457627,1301757.544
33,539168.8967457627,1301547.709
34,988618.7524525548,1286251.516
34,988618.7524525548,1286029.017
35,988618.7524525548,1268074.097
35,988618.7524525548,1267993.329
36,988618.7524525548,1214261.523
36,988618.7524525548,1204281.969
37,988618.7524525548,1201775.438
37,988618.7524525548,1201044.752
38,988618.7524525548,1051968.279
38,988618.7524525548,1051952.495
39,988618.7524525548,1031456.061
39,988618.7524525548,1023748.84
40,988618.7524525548,1021036.13
40,988618.7524525548,1020904.926
41,988618.7524525548,869743.612
41,988618.7524525548,869544.002
42,988618.7524525548,857147.42
42,988618.7524525548,857054.628
43,988618.7524525548,703095.274
43,988618.7524525548,703045.717
44,988618.7524525548,684692.935
44,988618.7524525548,684674.095
45,988618.7524525548,683063.542
45,988618.7524525548,682841.767
46,988618.7524525548,592917.328
46,988618.7524525548,576757.154
47,988618.7524525548,437442.733
47,988618.7524525548,437432.845
48,988618.7524525548,357614.98
48,988618.7524525548,357577.709
49,539168.8967457627,354573.777
49,539168.8967457627,354286.583
50,539168.8967457627,1351.208
50,539168.8967457627,1342.014
51,539168.8967457627,969.203
51,493689.8447222223,8.04
52,493689.84500000003,8.04
53,493689.8442777778,8.04
54,493689.8443888889,8.04
55,539168.8967457627,0.0
0,893074.6129696969,1554355.51
1,893074.2617575764,1554355.348
2,1422326.2889344261,1554310.658
3,1385864.467095238,1416680.835
3,1759333.5449512198,1416238.38
4,2020808.8138679247,1416050.015
5,1759100.6792439027,1416050.015
6,2020802.8962452828,1416048.889
7,2020802.8545283014,1416048.854
8,1385864.467095238,1416047.482
9,1725338.3866436782,1415964.058
9,1457490.0654166667,1415713.865
10,2020808.8138679247,1415713.865
11,2020802.8962452828,1415712.975
12,2020802.8545283014,1415712.948
13,1725338.3866436782,1415711.606
14,1725338.3866436782,1415657.528
14,1725338.3866436782,1415522.456
15,1725338.3866436782,1414678.905
15,1725338.3866436782,1414671.145
16,1725338.3866436782,790892.864
16,1725338.3866436782,790880.98
17,1725338.3866436782,776800.386
17,1725338.3866436782,773519.73
18,1725338.3866436782,770492.331
18,1725338.3866436782,770160.939
19,1725338.3866436782,111828.849
19,1725338.3866436782,111748.068
20,1725338.3866436782,235.078
20,1.553904761904762,3.473
21,1457490.0654166667,3.473
22,1725338.3866436782,0.0
0,893074.6129696969,760108.114
1,893074.2617575764,760107.969
2,1422326.2889344261,760065.618
3,1385864.467095238,622946.666
3,1759333.5449512198,622662.01
4,2020808.8138679247,622592.964
5,1759100.6792439027,622592.963
6,2020802.8962452828,622592.018
7,2020802.8545283014,622591.995
8,1385864.467095238,622590.781
9,1725338.3866436782,622555.168
9,1725338.3866436782,622281.31
10,1725338.3866436782,622232.84
10,1725338.3866436782,622225.315
11,1725338.3866436782,265554.724
11,938863.0248275863,265536.016
12,1725338.3866436782,265534.755
13,539168.8967457627,247899.359
13,539168.8967457627,247893.294
14,539168.8967457627,1069.29
14,493689.84500000003,7.945
15,493689.8447222223,7.945
16,493689.8442777778,7.944
17,493689.8443888889,7.944
18,539168.8967457627,0.0
0,893074.6129696969,1439545.485
1,893074.2617575764,1439545.308
2,1422326.2889344261,1439502.931
3,1385864.467095238,1303047.17
3,1385864.467095238,1302919.369
4,1385864.467095238,1284464.36
4,1759333.5449512198,1283710.05
5,2020808.8138679247,1283512.509
6,1759100.6792439027,1283512.509
7,2020802.8962452828,1283511.444
8,2020802.8545283014,1283511.422
9,1385864.467095238,1283509.754
10,1725338.3866436782,1283479.166
10,1725338.3866436782,1283207.365
11,1725338.3866436782,668618.966
11,1725338.3866436782,668223.27
12,1725338.3866436782,350217.345
12,938863.0248275863,350183.189
13,1725338.3866436782,350181.827
14,539168.8967457627,6086.312
14,539168.8967457627,4055.26
15,988618.7524525548,2208.2
15,988618.7524525548,1802.082
16,539168.8967457627,1523.938
16,539168.8967457627,411.931
17,539168.8967457627,284.014
17,493689.84500000003,8.017
18,493689.8443888889,8.017
19,493689.8442777778,8.017
20,493689.8447222223,8.017
21,539168.8967457627,0.0
0,893074.6129696969,767084.409
1,893074.2617575764,767083.916
2,1422326.2889344261,767041.97
3,1385864.467095238,633236.914
3,1385864.467095238,633097.402
4,1385864.467095238,627761.55
4,1759333.5449512198,627379.836
5,1759100.6792439027,626882.7
6,2020808.8138679247,626882.7
7,2020802.8962452828,626834.229
8,2020802.8545283014,626834.2
9,1385864.467095238,626832.786
10,1725338.3866436782,30.782
10,1725338.3866436782,29.177
11,1725338.3866436782,16.201
11,1.553904761904762,2.238
12,1457490.0654166667,2.238
13,1725338.3866436782,0.0
0,893074.6129696969,252175.603
1,893074.2617575764,252175.476
2,1422326.2889344261,252124.68
3,1385864.467095238,118684.827
3,1385864.467095238,118494.344
4,1385864.467095238,996.863
4,1385864.467095238,922.42
5,1385864.467095238,900.335
5,1385864.467095238,890.482
6,1385864.467095238,122.897
6,3.955120689655173,3.272
7,1385864.467095238,0.0
0,893074.6129696969,131519.238
1,893074.2617575764,131519.081
2,464769.29334285716,133.451
2,3.955120689655173,4.409
3,464769.29334285716,0.0
0,893074.6129696969,2812041.804
1,893074.2617575764,2812041.599
2,1422326.2889344261,2811991.839
3,1385864.467095238,2680773.971
3,1385864.467095238,2680649.311
4,1385864.467095238,2680380.13
4,1759333.5449512198,2679859.751
5,2020808.8138679247,2679712.01
6,1759100.6792439027,2679712.009
7,2020802.8962452828,2679711.2
8,2020802.8545283014,2679711.171
9,1385864.467095238,2679708.57
10,1725338.3866436782,2679659.095
10,1725338.3866436782,2679344.897
11,1725338.3866436782,2678911.294
11,1725338.3866436782,2678900.468
12,1725338.3866436782,2052235.982
12,1725338.3866436782,2051929.717
13,1725338.3866436782,1384077.687
13,1725338.3866436782,1368655.091
14,1725338.3866436782,1368576.581
14,1725338.3866436782,1368334.573
15,1725338.3866436782,1264139.329
15,1725338.3866436782,1263494.062
16,1725338.3866436782,771158.561
16,1725338.3866436782,771141.229
17,1725338.3866436782,756259.818
17,1725338.3866436782,756213.65
18,1725338.3866436782,756207.501
18,1725338.3866436782,756185.121
19,1725338.3866436782,588079.305
19,1725338.3866436782,587971.787
20,1725338.3866436782,234313.324
20,1725338.3866436782,234200.795
21,1725338.3866436782,233232.292
21,1725338.3866436782,233207.187
22,1725338.3866436782,0.009
23,1.553904761904762,0.003
24,1457490.0654166667,0.0
0,893074.6129696969,40.851
1,893074.2617575764,40.722
2,3.955120689655173,0.0
0,893074.6129696969,2805356.087
1,893074.2617575764,2805355.652
2,464769.29334285716,2682477.556
2,1422326.2889344261,2682371.255
3,464769.29334285716,2682370.253
4,1385864.467095238,2675445.861
4,1385864.467095238,2675435.618
5,1385864.467095238,2673809.244
5,1759333.5449512198,2672994.768
6,2020808.8138679247,2672858.122
7,1759100.6792439027,2672858.122
8,2020802.8962452828,2672857.0
9,2020802.8545283014,2672856.974
10,1385864.467095238,2672855.577
11,1725338.3866436782,2672817.872
11,1725338.3866436782,2672733.897
12,1725338.3866436782,2050073.076
12,1725338.3866436782,2049477.421
13,1725338.3866436782,2040602.797
13,1725338.3866436782,2040438.651
14,1725338.3866436782,1878745.119
14,1725338.3866436782,1878660.336
15,1725338.3866436782,1779241.787
15,1725338.3866436782,1779073.466
16,1725338.3866436782,1779040.15
16,1725338.3866436782,1779009.516
17,1725338.3866436782,1776856.18
17,1725338.3866436782,1776843.717
18,1725338.3866436782,1776525.138
18,1725338.3866436782,1776164.498
19,1725338.3866436782,1776010.977
19,1725338.3866436782,1775940.072
20,1725338.3866436782,1624365.557
20,1725338.3866436782,1624165.68
21,1725338.3866436782,1433624.337
21,1725338.3866436782,1433497.867
22,1725338.3866436782,1294069.401
22,1725338.3866436782,1293929.737
23,1725338.3866436782,1261122.894
23,1725338.3866436782,1261096.107
24,1725338.3866436782,1259199.601
24,1725338.3866436782,1258971.578
25,1725338.3866436782,0.004
26,1.553904761904762,0.0
27,1457490.0654166667,0.0
0,893074.6129696969,130446.134
1,893074.2617575764,130446.004
2,464769.29334285716,7581.738
2,1422326.2889344261,7499.249
3,464769.29334285716,7497.4
4,1385864.467095238,516.174
4,3.955120689655173,5.355
5,1385864.467095238,0.0
0,893074.6129696969,807499.546
1,893074.2617575764,807498.897
2,1422326.2889344261,807452.409
3,1385864.467095238,689861.986
3,1759333.5449512198,689506.628
4,2020808.8138679247,688990.006
5,1759100.6792439027,688990.005
6,2020802.8962452828,688989.003
7,2020802.8545283014,688988.979
8,1385864.467095238,688987.632
9,1725338.3866436782,688974.196
9,1457490.0654166667,688942.032
10,2020808.8138679247,688942.032
11,2020802.8962452828,688940.652
12,2020802.8545283014,688940.628
13,1725338.3866436782,688939.088
14,1725338.3866436782,688926.448
14,1725338.3866436782,688875.833
15,1725338.3866436782,330747.309
15,938863.0248275863,330735.495
16,1725338.3866436782,330734.157
17,539168.8967457627,891.163
17,3.955120689655173,3.045
18,4.410111111111111,3.045
19,539168.8967457627,0.0
0,893074.6129696969,43.258
1,893074.2617575764,43.084
2,3.955120689655173,0.0
0,893074.6129696969,951175.385
1,893074.2617575764,951174.344
2,1422326.2889344261,951137.1
3,1385864.467095238,863588.388
3,1759333.5449512198,863055.295
4,2020808.8138679247,862732.814
5,1759100.6792439027,862732.813
6,2020802.8962452828,862731.439
7,2020802.8545283014,862731.387
8,1385864.467095238,862730.187
9,1725338.3866436782,862710.608
9,1725338.3866436782,862330.766
10,1725338.3866436782,243359.006
10,938863.0248275863,243280.021
11,1725338.3866436782,243278.598
12,539168.8967457627,88693.049
12,539168.8967457627,88684.378
13,539168.8967457627,1688.592
13,4.410111111111111,3.183
14,3.955120689655173,3.183
15,539168.8967457627,0.0
0,893074.6129696969,104417.578
1,893074.2617575764,104417.233
2,464769.29334285716,19702.164
2,464769.29334285716,18272.603
3,464769.29334285716,18152.454
3,464769.29334285716,17836.834
4,464769.29334285716,17831.01
4,1422326.2889344261,17680.243
5,464769.29334285716,17678.888
6,1385864.467095238,17661.956
6,1385864.467095238,17577.291
7,1385864.467095238,2448.627
7,1385864.467095238,2423.64
8,1385864.467095238,1721.693
8,1385864.467095238,1704.408
9,1385864.467095238,739.06
9,3.955120689655173,6.669
10,1385864.467095238,0.0
0,893074.6129696969,85456.738
1,893074.2617575764,85456.593
2,464769.29334285716,1280.79
2,464769.29334285716,235.044
3,464769.29334285716,85.274
3,1422326.2889344261,67.295
4,464769.29334285716,65.273
5,1385864.467095238,46.115
5,3.955120689655173,3.392
6,1385864.467095238,0.0
0,893074.6129696969,44.699
1,893074.2617575764,44.513
2,3.955120689655173,0.0
0,893074.6129696969,1396336.364
1,893074.2617575764,1396336.041
2,1422326.2889344261,1396286.553
3,1385864.467095238,1311479.247
3,1385864.467095238,1311333.189
4,1385864.467095238,1310533.79
4,1385864.467095238,1310528.077
5,1385864.467095238,1309829.718
5,1759333.5449512198,1309416.244
6,2020808.8138679247,1309007.019
7,1759100.6792439027,1309007.019
8,2020802.8962452828,1309005.957
9,2020802.8545283014,1309005.926
10,1385864.467095238,1309004.515
11,1725338.3866436782,1308958.336
11,1725338.3866436782,1308944.674
12,1725338.3866436782,1307876.693
12,1725338.3866436782,1307833.425
13,1725338.3866436782,682522.68
13,1725338.3866436782,682295.995
14,1725338.3866436782,13899.6
14,1725338.3866436782,13894.194
15,1725338.3866436782,4762.266
15,1725338.3866436782,2105.357
16,1725338.3866436782,101.771
16,1.553904761904762,2.597
17,1457490.0654166667,2.597
18,1725338.3866436782,0.0
0,893074.6129696969,41.569
1,893074.2617575764,41.479
2,3.955120689655173,0.0
0,893074.6129696969,183719.6
1,893074.2617575764,183719.464
2,1422326.2889344261,183686.712
3,1385864.467095238,100459.928
3,1385864.467095238,99234.352
4,1385864.467095238,6576.066
4,1385864.467095238,6388.531
5,1385864.467095238,113.675
5,1.553904761904762,1.824
6,1385864.467095238,0.0
0,893074.6129696969,791622.78
1,893074.2617575764,791622.615
2,1422326.2889344261,791574.352
3,1385864.467095238,708454.174
3,1385864.467095238,708352.382
4,1385864.467095238,697780.912
4,1385864.467095238,697289.059
5,1385864.467095238,697283.759
5,1759333.5449512198,697272.108
6,1759100.6792439027,697043.496
7,2020808.8138679247,697043.496
8,2020802.8962452828,697042.452
9,2020802.8545283014,697042.422
10,1385864.467095238,697040.997
11,1725338.3866436782,103185.223
11,938863.0248275863,103161.306
12,1725338.3866436782,103159.927
13,539168.8967457627,941.769
13,493689.84500000003,7.878
14,493689.8447222223,7.878
15,493689.8443888889,7.877
16,493689.8442777778,7.877
17,539168.8967457627,0.0
0,893074.6129696969,861954.365
1,893074.2617575764,861954.161
2,1422326.2889344261,861910.098
3,1385864.467095238,780080.878
3,1759333.5449512198,779559.804
4,1759100.6792439027,779408.869
5,2020808.8138679247,779408.869
6,2020802.8962452828,779407.279
7,2020802.8545283014,779407.258
8,1385864.467095238,779405.802
9,1725338.3866436782,161975.482
9,938863.0248275863,161967.459
10,1725338.3866436782,161965.827
11,539168.8967457627,612.726
11,4.410111111111111,2.918
12,3.955120689655173,2.918
13,539168.8967457627,0.0
0,893074.6129696969,39.793
1,893074.2617575764,39.568
2,3.955120689655173,0.0
0,893074.6129696969,34.09
1,893074.2617575764,33.998
2,3.955120689655173,0.0
0,893074.6129696969,78065.7
1,893074.2617575764,78065.531
2,464769.29334285716,186.583
2,464769.29334285716,166.426
3,464769.29334285716,163.074
3,3.955120689655173,6.296
4,464769.29334285716,0.0
0,893074.6129696969,708973.819
1,893074.2617575764,708973.648
2,464769.29334285716,631030.855
2,1422326.2889344261,630912.948
3,464769.29334285716,630910.936
4,1385864.467095238,620320.151
4,1759333.5449512198,619895.745
5,2020808.8138679247,619609.422
6,1759100.6792439027,619609.422
7,2020802.8962452828,619608.14
8,2020802.8545283014,619608.101
9,1385864.467095238,619606.633
10,1725338.3866436782,619591.866
10,1725338.3866436782,619508.807
11,1725338.3866436782,152.145
11,1457490.0654166667,2.345
12,1.553904761904762,2.345
13,1725338.3866436782,0.0
0,893074.6129696969,77131.391
1,893074.2617575764,77131.223
2,464769.29334285716,82.052
2,3.955120689655173,4.084
3,464769.29334285716,0.0
0,893074.6129696969,45.435
1,893074.2617575764,45.344
2,3.955120689655173,0.0
0,893074.6129696969,2058200.783
1,893074.2617575764,2058200.638
2,1422326.2889344261,2058156.156
3,1385864.467095238,1979774.552
3,1385864.467095238,1979405.761
4,1385864.467095238,1979392.823
4,1759333.5449512198,1979375.931
5,1759100.6792439027,1979158.169
6,2020808.8138679247,1979158.169
7,2020802.8962452828,1979156.989
8,2020802.8545283014,1979156.96
9,1385864.467095238,1979155.754
10,1725338.3866436782,1352889.014
10,1725338.3866436782,1352367.392
11,1725338.3866436782,678406.144
11,1725338.3866436782,678393.708
12,1725338.3866436782,566634.831
12,1725338.3866436782,566421.905
13,1725338.3866436782,514581.627
13,938863.0248275863,514550.21
14,1725338.3866436782,514549.056
15,539168.8967457627,1499.677
15,4.410111111111111,5.833
16,3.955120689655173,5.833
17,539168.8967457627,0.0
0,893074.6129696969,1026022.388
1,893074.2617575764,1026021.347
2,1422326.2889344261,1025979.367
3,1385864.467095238,949216.105
3,1385864.467095238,949039.875
4,1385864.467095238,934051.19
4,1385864.467095238,933897.355
5,1385864.467095238,932485.576
5,1385864.467095238,931820.931
6,1385864.467095238,931776.802
6,1385864.467095238,931674.786
7,1385864.467095238,829729.526
7,1385864.467095238,829626.877
8,1385864.467095238,829620.781
8,1759333.5449512198,829613.215
9,1759100.6792439027,829510.855
10,2020808.8138679247,829510.855
11,2020802.8962452828,829509.64
12,2020802.8545283014,829509.556
13,1385864.467095238,829508.215
14,1725338.3866436782,829500.508
14,1725338.3866436782,829496.794
15,1725338.3866436782,829488.017
15,1725338.3866436782,829407.693
16,1725338.3866436782,259515.362
16,938863.0248275863,259485.946
17,1725338.3866436782,259483.387
18,539168.8967457627,629.811
18,539168.8967457627,579.329
19,539168.8967457627,438.154
19,4.410111111111111,3.871
20,3.955120689655173,3.871
21,539168.8967457627,0.0
0,893074.6129696969,3.363
1,893074.2617575764,2.919
2,3.955120689655173,0.0
0,893074.6129696969,41.577
1,893074.2617575764,41.499
2,3.955120689655173,0.0
0,893074.6129696969,2853931.581
1,893074.2617575764,2853931.383
2,464769.29334285716,2781572.254
2,1422326.2889344261,2781481.424
3,464769.29334285716,2781479.222
4,1385864.467095238,2769334.233
4,1385864.467095238,2769328.835
5,1385864.467095238,2765969.709
5,1759333.5449512198,2765488.712
6,1759100.6792439027,2765341.536
7,2020808.8138679247,2765341.536
8,2020802.8962452828,2765340.307
9,2020802.8545283014,2765340.281
10,1385864.467095238,2765339.004
11,1725338.3866436782,2765312.189
11,1725338.3866436782,2765253.251
12,1725338.3866436782,2145897.326
12,1725338.3866436782,2145024.686
13,1725338.3866436782,2145013.847
13,1725338.3866436782,2144841.91
14,1725338.3866436782,2065753.193
14,1725338.3866436782,2065734.575
15,1725338.3866436782,1361390.362
15,1725338.3866436782,1361318.055
16,1725338.3866436782,960122.742
16,938863.0248275863,960080.782
17,1725338.3866436782,960079.321
18,539168.8967457627,612706.815
18,539168.8967457627,612453.386
19,539168.8967457627,612272.671
19,539168.8967457627,611400.571
20,988618.7524525548,598907.753
20,988618.7524525548,598781.914
21,988618.7524525548,597895.329
21,1457490.0654166667,596543.146
22,2020808.8138679247,596543.146
23,2020802.8962452828,596541.678
24,2020802.8545283014,596541.654
25,988618.7524525548,596540.086
26,988618.7524525548,596213.856
26,988618.7524525548,596149.344
27,988618.7524525548,584405.782
27,988618.7524525548,584291.845
28,988618.7524525548,101719.948
28,988618.7524525548,101698.101
29,988618.7524525548,5062.898
29,938863.0248275863,5015.987
30,988618.7524525548,5014.468
31,539168.8967457627,351.829
31,493689.84500000003,8.301
32,493689.8447222223,8.301
33,493689.8443888889,8.301
34,493689.8442777778,8.3
35,539168.8967457627,0.0
0,893074.6129696969,2.195
1,893074.2617575764,2.022
2,3.955120689655173,0.0
0,893074.6129696969,38.845
1,893074.2617575764,38.75
2,3.955120689655173,0.0
0,893074.6129696969,68061.701
1,893074.2617575764,68059.717
2,464769.29334285716,161.832
2,3.955120689655173,3.145
3,464769.29334285716,0.0
0,893074.6129696969,36.611
1,893074.2617575764,36.222
2,3.955120689655173,0.0
0,893074.6129696969,40.298
1,893074.2617575764,40.143
2,3.955120689655173,0.0
0,893074.6129696969,964509.01
1,893074.2617575764,964508.818
2,464769.29334285716,901607.064
2,1422326.2889344261,901422.859
3,464769.29334285716,901421.566
4,1385864.467095238,885837.794
4,1385864.467095238,885746.812
5,1385864.467095238,878405.897
5,1385864.467095238,875698.529
6,1385864.467095238,875696.154
6,1759333.5449512198,875411.441
7,1759100.6792439027,875341.33
8,2020808.8138679247,875341.33
9,2020802.8962452828,875339.864
10,2020802.8545283014,875339.838
11,1385864.467095238,875337.56
12,1725338.3866436782,263914.282
12,1725338.3866436782,263789.195
13,1725338.3866436782,99524.734
13,1725338.3866436782,99474.402
14,1725338.3866436782,371.802
14,1457490.0654166667,2.332
15,1.553904761904762,2.332
16,1725338.3866436782,0.0
0,893074.6129696969,62498.1
1,893074.2617575764,62497.939
2,464769.29334285716,174.106
2,3.955120689655173,4.793
3,464769.29334285716,0.0
0,893074.6129696969,60166.636
1,893074.2617575764,60166.431
2,464769.29334285716,351.066
2,3.955120689655173,4.339
3,464769.29334285716,0.0
0,893074.6129696969,40.473
1,893074.2617575764,40.321
2,3.955120689655173,0.0
0,893074.6129696969,42.643
1,893074.2617575764,42.446
2,3.955120689655173,0.0
0,893074.6129696969,859381.228
1,893074.2617575764,859381.097
2,1422326.2889344261,859345.163
3,1385864.467095238,797630.649
3,1759333.5449512198,797284.389
4,1759100.6792439027,796638.255
5,2020808.8138679247,796638.255
6,2020802.8962452828,796635.164
7,2020802.8545283014,796635.14
8,1385864.467095238,796633.822
9,1725338.3866436782,796614.088
9,1725338.3866436782,796117.292
10,1725338.3866436782,535918.076
10,1725338.3866436782,535592.989
11,1725338.3866436782,180623.119
11,938863.0248275863,180585.206
12,1725338.3866436782,180583.08
13,539168.8967457627,2415.929
13,539168.8967457627,421.204
14,539168.8967457627,412.113
14,493689.84500000003,7.712
15,493689.8442777778,7.711
16,493689.8447222223,7.711
17,493689.8443888889,7.711
18,539168.8967457627,0.0
0,893074.6129696969,63211.522
1,893074.2617575764,63211.11
2,584.8812499999999,1151.4
2,584.8812499999999,1140.745
3,584.8812499999999,1103.779
3,584.8812499999999,1096.789
4,584.8812499999999,29.653
4,3.955120689655173,3.596
5,584.8812499999999,0.0
0,893074.6129696969,151731.861
1,893074.2617575764,151731.623
2,464769.29334285716,95681.129
2,1422326.2889344261,95617.788
3,464769.29334285716,95616.74
4,1385864.467095238,85065.66
4,1385864.467095238,84941.087
5,1385864.467095238,71822.001
5,1385864.467095238,71736.858
6,1385864.467095238,71282.556
6,1385864.467095238,71274.81
7,1385864.467095238,69162.424
7,1385864.467095238,69091.976
8,1385864.467095238,307.855
8,1.553904761904762,2.121
9,1385864.467095238,0.0
0,893074.6129696969,41.121
1,893074.2617575764,40.889
2,3.955120689655173,0.0
0,893074.6129696969,66216.94
1,893074.2617575764,66216.859
2,464769.29334285716,10766.314
2,1422326.2889344261,10526.274
3,464769.29334285716,10525.156
4,1385864.467095238,704.62
4,1385864.467095238,121.177
5,1385864.467095238,110.411
5,3.955120689655173,3.205
6,1385864.467095238,0.0
0,893074.6129696969,4982252.326
1,893074.2617575764,4982252.101
2,1422326.2889344261,4982198.056
3,1385864.467095238,4924728.214
3,1385864.467095238,4924702.256
4,1385864.467095238,4923090.778
4,1385864.467095238,4922970.346
5,1385864.467095238,4907548.803
5,1759333.5449512198,4907050.12
6,2020808.8138679247,4906708.476
7,1759100.6792439027,4906708.476
8,2020802.8962452828,4906707.165
9,2020802.8545283014,4906707.13
10,1385864.467095238,4906705.678
11,1725338.3866436782,4906678.227
11,1457490.0654166667,4906646.428
12,2020808.8138679247,4906646.428
13,2020802.8962452828,4906644.851
14,2020802.8545283014,4906644.719
15,1725338.3866436782,4906642.648
16,1725338.3866436782,4906633.224
16,1725338.3866436782,4906544.956
17,1725338.3866436782,4291302.77
17,1725338.3866436782,4291166.933
18,1725338.3866436782,4126599.864
18,1725338.3866436782,4126471.306
19,1725338.3866436782,3362150.367
19,1725338.3866436782,3362104.616
20,1725338.3866436782,3333723.602
20,1725338.3866436782,3333709.729
21,1725338.3866436782,3089770.023
21,1725338.3866436782,3089649.04
22,1725338.3866436782,2937901.831
22,938863.0248275863,2937846.756
23,1725338.3866436782,2937844.713
24,539168.8967457627,2493497.13
24,539168.8967457627,2491711.23
25,988618.7524525548,2477850.247
25,988618.7524525548,2477430.804
26,988618.7524525548,2412535.442
26,988618.7524525548,2412454.551
27,988618.7524525548,2393408.712
27,988618.7524525548,2393240.106
28,988618.7524525548,2385611.359
28,988618.7524525548,2384847.281
29,988618.7524525548,2248711.767
29,988618.7524525548,2248699.627
30,988618.7524525548,1902635.948
30,988618.7524525548,1902590.469
31,988618.7524525548,1723828.497
31,988618.7524525548,1723761.827
32,539168.8967457627,1718172.227
32,539168.8967457627,1717722.236
33,988618.7524525548,1714223.469
33,988618.7524525548,1713911.773
34,988618.7524525548,1713906.124
34,988618.7524525548,1713894.867
35,988618.7524525548,1696427.815
35,988618.7524525548,1696288.34
36,988618.7524525548,1634180.249
36,988618.7524525548,1634171.875
37,988618.7524525548,1600831.675
37,988618.7524525548,1600629.89
38,988618.7524525548,1465145.817
38,988618.7524525548,1464862.926
39,988618.7524525548,1014795.194
39,988618.7524525548,1014784.846
40,988618.7524525548,950745.213
40,988618.7524525548,950283.721
41,988618.7524525548,928055.537
41,988618.7524525548,928043.175
42,988618.7524525548,925361.432
42,988618.7524525548,925316.316
43,988618.7524525548,909691.917
43,988618.7524525548,909634.376
44,988618.7524525548,859691.381
44,988618.7524525548,859615.264
45,988618.7524525548,847771.113
45,988618.7524525548,847717.801
46,988618.7524525548,691017.054
46,988618.7524525548,690866.23
47,988618.7524525548,689215.964
47,988618.7524525548,689143.713
48,988618.7524525548,650715.363
48,988618.7524525548,650567.034
49,988618.7524525548,597648.816
49,988618.7524525548,597586.438
50,988618.7524525548,585898.292
50,988618.7524525548,585464.292
51,988618.7524525548,427320.915
51,988618.7524525548,427150.227
52,988618.7524525548,328311.61
52,988618.7524525548,328245.946
53,988618.7524525548,256464.672
53,988618.7524525548,256314.225
54,988618.7524525548,240840.47
54,988618.7524525548,240764.39
55,988618.7524525548,82298.713
55,988618.7524525548,81574.027
56,988618.7524525548,64531.904
56,988618.7524525548,64464.146
57,539168.8967457627,984.535
57,493689.84500000003,8.287
58,493689.8443888889,8.287
59,493689.8447222223,8.287
60,493689.8442777778,8.287
61,539168.8967457627,0.0
0,893074.6129696969,38.111
1,893074.2617575764,37.959
2,3.955120689655173,0.0
0,893074.6129696969,48245.818
1,893074.2617575764,48245.541
2,464769.29334285716,304.18
2,3.955120689655173,4.086
3,464769.29334285716,0.0
0,893074.6129696969,2639254.435
1,893074.2617575764,2639254.29
2,1422326.2889344261,2639211.433
3,1385864.467095238,2591145.767
3,1385864.467095238,2590930.603
4,1385864.467095238,2562402.867
4,1385864.467095238,2562350.515
5,1385864.467095238,2497477.45
5,1385864.467095238,2497415.129
6,1385864.467095238,2491891.463
6,1385864.467095238,2491836.327
7,1385864.467095238,2478393.504
7,1385864.467095238,2478325.775
8,1385864.467095238,2420998.807
8,1385864.467095238,2420944.203
9,1385864.467095238,2406774.063
9,1385864.467095238,2406632.727
10,1385864.467095238,2389592.94
10,1385864.467095238,2389498.835
11,1385864.467095238,2295209.178
11,1385864.467095238,2295015.102
12,1385864.467095238,2249635.825
12,1385864.467095238,2249621.006
13,1385864.467095238,2215400.343
13,1385864.467095238,2215335.329
14,1385864.467095238,2155705.027
14,1385864.467095238,2155427.091
15,1385864.467095238,571582.91
15,1385864.467095238,571542.57
16,1385864.467095238,0.012
17,1.553904761904762,0.0
0,893074.6129696969,991346.776
1,893074.2617575764,991346.688
2,1422326.2889344261,991306.345
3,1385864.467095238,943046.565
3,1385864.467095238,942335.096
4,1385864.467095238,914464.534
4,1385864.467095238,914342.435
5,1385864.467095238,913556.345
5,1759333.5449512198,913308.845
6,2020808.8138679247,913155.805
7,1759100.6792439027,913155.805
8,2020802.8962452828,913154.852
9,2020802.8545283014,913154.826
10,1385864.467095238,913153.463
11,1725338.3866436782,326612.025
11,938863.0248275863,326524.527
12,1725338.3866436782,326523.051
13,539168.8967457627,160368.423
13,539168.8967457627,159112.707
14,988618.7524525548,158480.844
14,988618.7524525548,158053.538
15,988618.7524525548,155386.838
15,988618.7524525548,155090.426
16,988618.7524525548,83662.612
16,988618.7524525548,83654.228
17,988618.7524525548,68091.896
17,988618.7524525548,68032.286
18,539168.8967457627,66137.393
18,539168.8967457627,65935.786
19,988618.7524525548,65731.357
19,988618.7524525548,65191.53
20,988618.7524525548,65147.685
20,988618.7524525548,65007.044
21,988618.7524525548,48632.27
21,988618.7524525548,48257.419
22,539168.8967457627,421.204
22,493689.84500000003,7.378
23,493689.8447222223,7.378
24,493689.8443888889,7.377
25,493689.8442777778,7.377
26,539168.8967457627,0.0
0,893074.6129696969,2721820.007
1,893074.2617575764,2721819.832
2,464769.29334285716,2681528.423
2,1422326.2889344261,2681509.917
3,464769.29334285716,2681508.671
4,1385864.467095238,2673580.814
4,1385864.467095238,2673573.741
5,1385864.467095238,2670690.628
5,1385864.467095238,2670562.208
6,1385864.467095238,2657478.531
6,1385864.467095238,2657416.786
7,1385864.467095238,2657404.037
7,1385864.467095238,2657395.253
8,1385864.467095238,2643576.388
8,1385864.467095238,2643433.202
9,1385864.467095238,2643427.949
9,1385864.467095238,2643211.968
10,1385864.467095238,2643207.571
10,1759333.5449512198,2643131.736
11,1759100.6792439027,2642994.053
12,2020808.8138679247,2642994.053
13,2020802.8962452828,2642946.223
14,2020802.8545283014,2642946.184
15,1385864.467095238,2642943.675
16,1725338.3866436782,2042240.631
16,1725338.3866436782,2038534.639
17,1725338.3866436782,2035162.571
17,1725338.3866436782,2035015.682
18,1725338.3866436782,1384323.359
18,1725338.3866436782,1384101.85
19,1725338.3866436782,1278511.642
19,1725338.3866436782,1277905.451
20,1725338.3866436782,1261287.215
20,1725338.3866436782,1261230.707
21,1725338.3866436782,1090301.541
21,1725338.3866436782,1090221.881
22,1725338.3866436782,845572.378
22,1725338.3866436782,845457.15
23,1725338.3866436782,223455.396
23,1725338.3866436782,223332.203
24,1725338.3866436782,0.009
25,1457490.0654166667,0.0
26,1.553904761904762,0.0
0,893074.6129696969,2719445.291
1,893074.2617575764,2719445.098
2,1422326.2889344261,2719405.643
3,1385864.467095238,2677060.392
3,1759333.5449512198,2676460.902
4,1759100.6792439027,2676137.469
5,2020808.8138679247,2676137.469
6,2020802.8962452828,2676135.93
7,2020802.8545283014,2676135.905
8,1385864.467095238,2676134.595
9,1725338.3866436782,2676105.626
9,1725338.3866436782,2676074.135
10,1725338.3866436782,2047921.956
10,1725338.3866436782,2047819.4
11,1725338.3866436782,1980074.318
11,1725338.3866436782,1979676.463
12,1725338.3866436782,0.008
13,1457490.0654166667,0.0
14,1.553904761904762,0.0
0,893074.6129696969,2478104.84
1,893074.2617575764,2478104.574
2,464769.29334285716,2441698.921
2,1422326.2889344261,2441530.779
3,464769.29334285716,2441529.475
4,1385864.467095238,2433473.864
4,1385864.467095238,2431625.026
5,1385864.467095238,2351754.399
5,1385864.467095238,2348436.083
6,1385864.467095238,2345616.485
6,1759333.5449512198,2344371.832
7,1759100.6792439027,2344161.697
8,2020808.8138679247,2344161.697
9,2020802.8962452828,2344114.295
10,2020802.8545283014,2344114.247
11,1385864.467095238,2344112.732
12,1725338.3866436782,2240547.237
12,1725338.3866436782,2240449.591
13,1725338.3866436782,1718549.675
13,1725338.3866436782,1718467.399
14,1725338.3866436782,1716133.048
14,1725338.3866436782,1715876.075
15,1725338.3866436782,628149.685
15,1457490.0654166667,627956.011
16,2020808.8138679247,627956.011
17,2020802.8962452828,627952.221
18,2020802.8545283014,627952.185
19,1725338.3866436782,627950.668
20,1725338.3866436782,627941.996
20,1725338.3866436782,627661.256
21,1725338.3866436782,627643.902
21,1725338.3866436782,627588.979
22,1725338.3866436782,508734.866
22,1725338.3866436782,508636.916
23,1725338.3866436782,506816.669
23,1725338.3866436782,505732.786
24,1725338.3866436782,362423.113
24,938863.0248275863,362408.022
25,1725338.3866436782,362406.387
26,539168.8967457627,1350.535
26,3.955120689655173,5.212
27,4.410111111111111,5.212
28,539168.8967457627,0.0
0,893074.6129696969,50.787
1,893074.2617575764,50.633
2,3.955120689655173,0.0
0,893074.6129696969,4985412.075
1,893074.2617575764,4985411.847
2,1422326.2889344261,4985369.727
3,1385864.467095238,4943717.004
3,1385864.467095238,4943480.238
4,1385864.467095238,4914362.268
4,1385864.467095238,4914308.021
5,1385864.467095238,4863222.27
5,1759333.5449512198,4862770.495
6,2020808.8138679247,4862731.057
7,1759100.6792439027,4862731.057
8,2020802.8962452828,4862680.292
9,2020802.8545283014,4862680.259
10,1385864.467095238,4862677.88
11,1725338.3866436782,4227120.17
11,1725338.3866436782,4226786.938
12,1725338.3866436782,4169239.823
12,1725338.3866436782,4169115.67
13,1725338.3866436782,3735975.047
13,938863.0248275863,3735943.142
14,1725338.3866436782,3735941.036
15,539168.8967457627,3570785.772
15,539168.8967457627,3570592.567
16,539168.8967457627,3549628.405
16,539168.8967457627,3548687.395
17,988618.7524525548,3546984.21
17,988618.7524525548,3546697.576
18,988618.7524525548,3528111.858
18,988618.7524525548,3527359.474
19,988618.7524525548,3526935.683
19,988618.7524525548,3526615.512
20,988618.7524525548,3479513.179
20,988618.7524525548,3479501.819
21,988618.7524525548,2954715.467
21,988618.7524525548,2954696.099
22,988618.7524525548,2875302.223
22,988618.7524525548,2875294.375
23,988618.7524525548,2875126.604
23,988618.7524525548,2875117.615
24,988618.7524525548,2858360.564
24,988618.7524525548,2858232.223
25,988618.7524525548,2438807.13
25,988618.7524525548,2438771.07
26,988618.7524525548,2413500.663
26,988618.7524525548,2413310.117
27,988618.7524525548,2405118.057
27,988618.7524525548,2404513.105
28,988618.7524525548,2269147.507
28,988618.7524525548,2269138.588
29,988618.7524525548,1922434.068
29,988618.7524525548,1922376.966
30,988618.7524525548,1723597.022
30,988618.7524525548,1706595.27
31,988618.7524525548,1654727.937
31,988618.7524525548,1654686.33
32,988618.7524525548,1576413.893
32,988618.7524525548,1575870.284
33,988618.7524525548,1123138.704
33,988618.7524525548,1122855.64
34,988618.7524525548,1035361.516
34,988618.7524525548,1035349.69
35,988618.7524525548,880615.773
35,988618.7524525548,880583.337
36,988618.7524525548,709255.989
36,988618.7524525548,707967.124
37,988618.7524525548,533992.58
37,988618.7524525548,533724.487
38,988618.7524525548,521957.896
38,988618.7524525548,521160.935
39,988618.7524525548,500730.732
39,988618.7524525548,500650.436
40,988618.7524525548,448219.935
40,988618.7524525548,447866.009
41,988618.7524525548,446188.055
41,988618.7524525548,446146.028
42,988618.7524525548,424051.963
42,988618.7524525548,422877.256
43,988618.7524525548,10432.985
43,988618.7524525548,10330.182
44,988618.7524525548,1862.614
44,493689.84500000003,9.56
45,493689.8447222223,9.56
46,493689.8443888889,9.56
47,493689.8442777778,9.559
48,988618.7524525548,0.0
0,893074.6129696969,2631389.987
1,893074.2617575764,2631389.802
2,1422326.2889344261,2631356.23
3,1385864.467095238,2590160.433
3,1385864.467095238,2589919.139
4,1385864.467095238,2560598.6
4,1385864.467095238,2560566.967
5,1385864.467095238,2501317.981
5,1385864.467095238,2501261.262
6,1385864.467095238,1990029.184
6,1385864.467095238,1989841.545
7,1385864.467095238,1114071.684
7,1385864.467095238,1113995.363
8,1385864.467095238,515658.352
8,1385864.467095238,515526.623
9,1385864.467095238,46318.77
9,1385864.467095238,46308.408
10,1385864.467095238,45528.318
10,1385864.467095238,45511.366
11,1385864.467095238,0.006
12,1.553904761904762,0.0
0,893074.6129696969,36228.877
1,893074.2617575764,36228.774
2,464769.29334285716,286.317
2,3.955120689655173,79.704
3,464769.29334285716,0.0
0,893074.6129696969,42604.192
1,893074.2617575764,42603.981
2,464769.29334285716,8114.713
2,1422326.2889344261,8051.549
3,464769.29334285716,8050.47
4,1385864.467095238,721.357
4,1.553904761904762,1.561
5,1385864.467095238,0.0
0,893074.6129696969,712315.983
1,893074.2617575764,712313.053
2,1422326.2889344261,712270.169
3,1385864.467095238,702386.276
3,1385864.467095238,702088.15
4,1385864.467095238,700500.58
4,1759333.5449512198,700203.227
5,1759100.6792439027,699987.694
6,2020808.8138679247,699987.694
7,2020802.8962452828,699985.725
8,2020802.8545283014,699985.695
9,1385864.467095238,699984.306
10,1725338.3866436782,98468.346
10,938863.0248275863,98419.844
11,1725338.3866436782,98418.447
12,539168.8967457627,775.251
12,493689.8447222223,6.84
13,493689.84500000003,6.84
14,493689.8442777778,6.839
15,493689.8443888889,6.839
16,539168.8967457627,0.0
0,893074.6129696969,633372.934
1,893074.2617575764,633371.264
2,1422326.2889344261,633320.772
3,1385864.467095238,622711.689
3,1385864.467095238,622476.903
4,1385864.467095238,622471.151
4,1759333.5449512198,622385.067
5,2020808.8138679247,622232.524
6,1759100.6792439027,622232.524
7,2020802.8962452828,622231.087
8,2020802.8545283014,622231.058
9,1385864.467095238,622229.833
10,1725338.3866436782,107.841
10,1.553904761904762,1.951
11,1457490.0654166667,1.951
12,1725338.3866436782,0.0
0,893074.6129696969,867111.78
1,893074.2617575764,867111.393
2,464769.29334285716,867057.434
2,1422326.2889344261,866371.388
3,464769.29334285716,866369.556
4,1385864.467095238,866357.978
4,1759333.5449512198,865942.827
5,1759100.6792439027,865893.829
6,2020808.8138679247,865893.829
7,2020802.8962452828,865892.618
8,2020802.8545283014,865892.586
9,1385864.467095238,865890.285
10,1725338.3866436782,250442.884
10,938863.0248275863,250432.093
11,1725338.3866436782,250430.351
12,539168.8967457627,60520.142
12,539168.8967457627,60465.962
13,539168.8967457627,1665.382
13,3.955120689655173,3.066
14,4.410111111111111,3.066
15,539168.8967457627,0.0
0,893074.6129696969,628777.946
1,893074.2617575764,628777.54
2,464769.29334285716,628717.104
2,1422326.2889344261,628626.144
3,464769.29334285716,628624.831
4,1385864.467095238,628607.148
4,1385864.467095238,628318.456
5,1385864.467095238,626353.107
5,1759333.5449512198,626320.286
6,2020808.8138679247,626305.188
7,1759100.6792439027,626305.188
8,2020802.8962452828,626303.074
9,2020802.8545283014,626303.046
10,1385864.467095238,626301.679
11,1725338.3866436782,239.911
11,1457490.0654166667,3.147
12,1.553904761904762,3.147
13,1725338.3866436782,0.0
0,893074.6129696969,37.784
1,893074.2617575764,37.446
2,3.955120689655173,0.0
0,893074.6129696969,52.171
1,893074.2617575764,51.297
2,3.955120689655173,0.0
0,893074.6129696969,1381966.748
1,893074.2617575764,1381966.389
2,1422326.2889344261,1381922.766
3,1385864.467095238,1369640.363
3,1385864.467095238,1369380.712
4,1385864.467095238,1298789.302
4,1385864.467095238,1298382.02
5,1385864.467095238,1289971.148
5,1385864.467095238,1289964.094
6,1385864.467095238,1288913.326
6,1759333.5449512198,1288397.384
7,2020808.8138679247,1287976.997
8,1759100.6792439027,1287976.996
9,2020802.8962452828,1287976.19
10,2020802.8545283014,1287976.135
11,1385864.467095238,1287973.722
12,1725338.3866436782,663479.348
12,1725338.3866436782,663322.117
13,1725338.3866436782,512511.948
13,1725338.3866436782,512340.726
14,1725338.3866436782,127.052
14,1457490.0654166667,2.125
15,1.553904761904762,2.125
16,1725338.3866436782,0.0
